User Input,Chatbot Response,Timestamp
hello,Hi there,2024-09-10 01:21:51
how are you ,My purpose is to assist you,2024-09-10 01:21:57
weather ,"I'm sorry, I cannot provide real-time weather information.",2024-09-10 01:22:20
How do I create a budget,"To make a budget, start by tracking your income and expenses. Then, allocate your income towards essential expenses like rent, food, and bills. Next, allocate some of your income towards savings and debt repayment. Finally, allocate the remainder of your income towards discretionary expenses like entertainment and hobbies.",2024-09-10 01:22:30
Today is a nice weather,"I'm sorry, I cannot provide real-time weather information.",2024-10-03 08:29:52
How's the weather today,"I'm sorry, I cannot provide real-time weather information.",2024-10-03 08:30:47
Hi,Hello,2024-10-03 08:30:56
hi,Hey,2025-01-05 18:47:10
what can you do,I am a chatbot,2025-01-05 18:47:23
create a budget,"To create a budget, start by setting financial goals for yourself. Then, track your income and expenses for a few months to get a sense of where your money is going. Next, create a budget by allocating your income towards essential expenses, savings and debt repayment, and discretionary expenses.",2025-01-05 18:47:35
can you use chatgpt,I can answer questions and provide assistance,2025-01-05 18:47:54
how to calculate budget,"Mindfulness techniques include meditation, deep breathing, body scanning, and mindful eating.",2025-01-05 18:48:15
how to calculate budget,"Mindfulness is the practice of being fully present in the moment, observing thoughts and feelings without judgment.",2025-01-05 18:48:28
create budget,"To create a budget, start by setting financial goals for yourself. Then, track your income and expenses for a few months to get a sense of where your money is going. Next, create a budget by allocating your income towards essential expenses, savings and debt repayment, and discretionary expenses.",2025-01-05 18:48:40
bye,Goodbye,2025-01-05 18:48:52
